tipo_temario,termino_ingles,estado_temario,confianza,codigo_HM,termino_semilla,semantica,motivo,decision
SIGN,Cyanosis,ok,alta,HM:0606,Cianosis,hallazgo,cognado exacto,
SIGN,Hemoptysis,ok,alta,HM:0404,Hemoptisis,hallazgo,cognado exacto,
SIGN,Hyperthermia,ok,alta,HM:0101,Fiebre,hallazgo,cognado exacto,
SYNDROME,Anemia,ok,alta,HM:0711,Anemia,hallazgo,cognado exacto,
SYNDROME,Hematuria,ok,alta,HM:0755,Hematuria,hallazgo,cognado exacto,
SYNDROME,Hypothermia,ok,alta,HM:0103,Hipotermia,hallazgo,cognado exacto,
SYNDROME,Splenomegaly,ok,alta,HM:0603,Esplenomegalia,hallazgo,cognado exacto,
SYNDROME,Syncope,ok,alta,HM:0505,Síncope,hallazgo,cognado exacto,
SYNDROME,Thrombocytopenia,ok,alta,HM:0714,Trombocitopenia,hallazgo,cognado exacto,
SYNDROME,Vertigo,ok,alta,HM:0504,Vértigo,hallazgo,cognado exacto,
SIGN,Lymphadenopathy,ok,media,HM:0607,Adenopatías,hallazgo,cognado aproximado (0.93),
SYNDROME,Abdominal,revisar,media,HM:2302,Tomografía abdominal con contraste,procedimiento,cognado aproximado (0.90),
SYNDROME,Hypertension,ok,media,HM:0108,Hipertensión arterial,hallazgo,cognado aproximado (0.91),
SYNDROME,Hypoglycemia,ok,media,HM:0742,Hipoglucemia,hallazgo,cognado aproximado (0.92),
SYNDROME,Hypotension,ok,media,HM:0109,Hipotensión arterial,hallazgo,cognado aproximado (0.90),
DISEASE,Acne Vulgaris,ok,ninguna,,,,,
DISEASE,Actinic Keratosis,ok,ninguna,,,,,
DISEASE,Acute Leukemias,ok,ninguna,,,,,
DISEASE,Asteatotic Eczema,ok,ninguna,,,,,
DISEASE,Atopic Dermatitis,ok,ninguna,,,,,
DISEASE,Basal Cell Carcinoma,ok,ninguna,,,,,
DISEASE,Behçet Syndrome,ok,ninguna,,,,,
DISEASE,Bullous,revisar,ninguna,,,,,
DISEASE,Bullous Pemphigoid,ok,ninguna,,,,,
DISEASE,Candidiasis,ok,ninguna,,,,,
DISEASE,Carcinoma of the Male Breast,ok,ninguna,,,,,
DISEASE,Cat-Scratch Disease,ok,ninguna,,,,,
DISEASE,Chronic Localized,ok,ninguna,,,,,
DISEASE,Chronic Localized Cervical,ok,ninguna,,,,,
DISEASE,Chronic Lymphocytic Leukemia,ok,ninguna,,,,,
DISEASE,Chronic Myelogenous Leukemia,ok,ninguna,,,,,
DISEASE,Contact Dermatitis,ok,ninguna,,,,,
DISEASE,Cushing Disease,ok,ninguna,,,,,
DISEASE,Dengue,ok,ninguna,,,,,
DISEASE,Dermatitis Herpetiformis,ok,ninguna,,,,,
DISEASE,Diabetes,ok,ninguna,,,,,
DISEASE,Diabetes Mellitus Type 1,ok,ninguna,,,,,
DISEASE,Diabetes Mellitus Type 2,ok,ninguna,,,,,
DISEASE,Dyshidrotic Eczema,ok,ninguna,,,,,
DISEASE,Eczema-Dermatitis,ok,ninguna,,,,,
DISEASE,Epithelial Carcinoma,ok,ninguna,,,,,
DISEASE,Erysipeloid,ok,ninguna,,,,,
DISEASE,Erythema Migrans-Lyme Disease,ok,ninguna,,,,,
DISEASE,Essential Thrombocytosis,ok,ninguna,,,,,
DISEASE,Facial Pain-Herpes Zoster,ok,ninguna,,,,,
DISEASE,Genital White Patches-Lichen Sclerosis,ok,ninguna,,,,,
DISEASE,Granuloma Annulare,ok,ninguna,,,,,
DISEASE,Graves Disease (Diffuse Toxic Goiter),ok,ninguna,,,,,
DISEASE,Graves' Ophthalmopathy,ok,ninguna,,,,,
DISEASE,Hereditary Epidermolysis Bullosa,ok,ninguna,,,,,
DISEASE,Herpes Simplex,ok,ninguna,,,,,
DISEASE,HIV and AIDS,ok,ninguna,,,,,
DISEASE,HIV Infection,revisar,ninguna,,,,,
DISEASE,Hodgkin Disease,ok,ninguna,,,,,
DISEASE,Impetigo,ok,ninguna,,,,,
DISEASE,Irregular Spongy Tumor-Cavernous,ok,ninguna,,,,,
DISEASE,Kaposi Sarcoma (KS),ok,ninguna,,,,,
DISEASE,Keratoacanthoma,ok,ninguna,,,,,
DISEASE,Lichen Planus,ok,ninguna,,,,,
DISEASE,Lung Cancer,ok,ninguna,,,,,
DISEASE,Lyme Disease,revisar,ninguna,,,,,
DISEASE,Malaria,ok,ninguna,,,,,
DISEASE,Malignant Hyperthermia,ok,ninguna,,,,,
DISEASE,Malignant Melanoma,ok,ninguna,,,,,
DISEASE,Medullary Carcinoma,ok,ninguna,,,,,
DISEASE,Meningococcemia,ok,ninguna,,,,,
DISEASE,Midline Granuloma,ok,ninguna,,,,,
DISEASE,Multiple Myeloma,revisar,ninguna,,,,,
DISEASE,Myelofibrosis (Myeloid Metaplasia),ok,ninguna,,,,,
DISEASE,Neurofibromatosis (NF),ok,ninguna,,,,,
DISEASE,Non-Hodgkin Lymphoma,ok,ninguna,,,,,
DISEASE,Nummular Eczema,ok,ninguna,,,,,
DISEASE,Papular Eczema,ok,ninguna,,,,,
DISEASE,Paroxysmal Nocturnal Hemoglobinuria,ok,ninguna,,,,,
DISEASE,Pediculosis-Lice,ok,ninguna,,,,,
DISEASE,Pemphigus vulgaris,ok,ninguna,,,,,
DISEASE,Pernicious Anemia and Vitamin B12,ok,ninguna,,,,,
DISEASE,Pityriasis Rosea,ok,ninguna,,,,,
DISEASE,Polycythemia Vera,ok,ninguna,,,,,
DISEASE,Porphyrias,ok,ninguna,,,,,
DISEASE,Primary,revisar,ninguna,,,,,
DISEASE,Pseudoxanthoma Elasticum,ok,ninguna,,,,,
DISEASE,Psoriasis,ok,ninguna,,,,,
DISEASE,Punctate Red,ok,ninguna,,,,,
DISEASE,Punctate Red Macules-Hereditary Hemorrhagic,ok,ninguna,,,,,
DISEASE,Rabies,ok,ninguna,,,,,
DISEASE,Rheumatic Fever,ok,ninguna,,,,,
DISEASE,Rocky Mountain Spotted Fever,revisar,ninguna,,,,,
DISEASE,Rosacea,ok,ninguna,,,,,
DISEASE,Scabies,ok,ninguna,,,,,
DISEASE,Scarlet Fever,ok,ninguna,,,,,
DISEASE,Scurvy,ok,ninguna,,,,,
DISEASE,Scurvy. is a vasculopathy that may be confused with vasculitis,revisar,ninguna,,,,,
DISEASE,Seborrheic Dermatitis,ok,ninguna,,,,,
DISEASE,Sickle Cell Disease,ok,ninguna,,,,,
DISEASE,Sporotrichosis,ok,ninguna,,,,,
DISEASE,Squamous Cell Carcinoma,ok,ninguna,,,,,
DISEASE,Superficial Fungal Infections,ok,ninguna,,,,,
DISEASE,Thrombotic,ok,ninguna,,,,,
DISEASE,Tinea Versicolor (Pityriasis Versicolor),ok,ninguna,,,,,
DISEASE,Tuberculosis,ok,ninguna,,,,,
DISEASE,Tuberous Sclerosis,ok,ninguna,,,,,
DISEASE,Typhoid Fever,ok,ninguna,,,,,
DISEASE,Varicella-Zoster,revisar,ninguna,,,,,
DISEASE,Variola-Smallpox,ok,ninguna,,,,,
DISEASE,Verrucous Papules-Warts,ok,ninguna,,,,,
DISEASE,von Willebrand Disease,ok,ninguna,,,,,
DISEASE,Waldenström Macroglobulinemia,ok,ninguna,,,,,
DISEASE,Wegener's Granulomatosis,ok,ninguna,,,,,
DISEASE,ẞ-Thalassemia Major,ok,ninguna,,,,,
DISEASE,ẞ-Thalassemia Minor,ok,ninguna,,,,,
SIGN,Abdominal Bruits,ok,ninguna,,,,,
SIGN,Abdominal Pain with Percussion,ok,ninguna,,,,,
SIGN,Abdominal Pain with Percussion and suggests the presence of peritoneal,revisar,ninguna,,,,,
SIGN,Abdominal Wall Mass-Nodular Umbilicus,ok,ninguna,,,,,
SIGN,Abnormal,revisar,ninguna,,,,,
SIGN,Abnormal Balance,revisar,ninguna,,,,,
SIGN,Abnormal Corneal Reflex,ok,ninguna,,,,,
SIGN,Abnormal Hearing-Auditory Nerve,revisar,ninguna,,,,,
SIGN,Abnormal Nail,ok,ninguna,,,,,
SIGN,Abnormal Pain Sensation,ok,ninguna,,,,,
SIGN,Abnormal Pupils,ok,ninguna,,,,,
SIGN,"Abnormal Pupils, Facial Nerve Signs",ok,ninguna,,,,,
SIGN,Abnormal Sonorous Percussion,ok,ninguna,,,,,
SIGN,Abnormalities of Gaze,revisar,ninguna,,,,,
SIGN,Abnormalities of the Thoracic Spine,ok,ninguna,,,,,
SIGN,Abscess of the Greater Vestibular Gland,ok,ninguna,,,,,
SIGN,"Absent Pulses, Pulseless Disease",ok,ninguna,,,,,
SIGN,Acanthosis Nigricans,ok,ninguna,,,,,
SIGN,Accelerated Linear Growth,ok,ninguna,,,,,
SIGN,Acquired Diffuse Brown Skin-Melanism,ok,ninguna,,,,,
SIGN,Acquired Diffuse Yellow Skin,ok,ninguna,,,,,
SIGN,Acquired Nasal Deformities,ok,ninguna,,,,,
SIGN,Actinic Keratoses,ok,ninguna,,,,,
SIGN,Actinic Keratosis,ok,ninguna,,,,,
SIGN,Acute Cervical,ok,ninguna,,,,,
SIGN,Acute Pain with Skin Pallor and Coolness,ok,ninguna,,,,,
SIGN,Acute Pericarditis,ok,ninguna,,,,,
SIGN,Acute Urethritis,ok,ninguna,,,,,
SIGN,Adnexal,ok,ninguna,,,,,
SIGN,Adnexal Mass-Pelvic Inflammatory Disease,revisar,ninguna,,,,,
SIGN,Adnexal Tenderness,ok,ninguna,,,,,
SIGN,Alopecia,ok,ninguna,,,,,
SIGN,Altered Normal Reflexes,ok,ninguna,,,,,
SIGN,Ambiguous Genitalia-Intersexuality,ok,ninguna,,,,,
SIGN,Amnesia,ok,ninguna,,,,,
SIGN,Amphoric Breathing,ok,ninguna,,,,,
SIGN,Anal Stricture,ok,ninguna,,,,,
SIGN,Angioedema,ok,ninguna,,,,,
SIGN,Anosmia,ok,ninguna,,,,,
SIGN,Anosmia-Olfactory Nerve (CN I),ok,ninguna,,,,,
SIGN,Anterior Knee Pain,ok,ninguna,,,,,
SIGN,Anuria and Oliguria,ok,ninguna,,,,,
SIGN,Aortic Insufficiency,revisar,ninguna,,,,,
SIGN,Aortic Valve Sclerosis,ok,ninguna,,,,,
SIGN,Aphthous Ulcer (Canker Sore),ok,ninguna,,,,,
SIGN,Apical Impulse,ok,ninguna,,,,,
SIGN,Arcus Senilis,ok,ninguna,,,,,
SIGN,Argyll Robertson Pupil,ok,ninguna,,,,,
SIGN,Arterial Murmur or Bruit,ok,ninguna,,,,,
SIGN,Arterial Occlusion,ok,ninguna,,,,,
SIGN,Arteriolar Sclerosis,ok,ninguna,,,,,
SIGN,Ascites,revisar,ninguna,,,,,
SIGN,Asterixis,ok,ninguna,,,,,
SIGN,Atheroembolic Disease,ok,ninguna,,,,,
SIGN,Austin Flint Murmur,ok,ninguna,,,,,
SIGN,Basal Systolic Murmurs-Benign Murmurs,ok,ninguna,,,,,
SIGN,Behçet's Syndrome,ok,ninguna,,,,,
SIGN,Bigeminy (Coupled Rhythm),ok,ninguna,,,,,
SIGN,Bilateral Visual Field Defects-Hemianopsia,ok,ninguna,,,,,
SIGN,Bladder/Bowel Function,ok,ninguna,,,,,
SIGN,Bleeding Gums,ok,ninguna,,,,,
SIGN,Blood Pressure Regulation,ok,ninguna,,,,,
SIGN,Bloody Sputum: Hemoptysis,ok,ninguna,,,,,
SIGN,Blue-Grey Color,ok,ninguna,,,,,
SIGN,Bounding or Collapsing Pulse,revisar,ninguna,,,,,
SIGN,Breast Masses,ok,ninguna,,,,,
SIGN,Breast Tenderness,ok,ninguna,,,,,
SIGN,Breast Tenderness for a discussion of common breast masses,revisar,ninguna,,,,,
SIGN,Breath Odor,ok,ninguna,,,,,
SIGN,Bronchial Breathing (Tubular Breathing),ok,ninguna,,,,,
SIGN,Bronchovesicular Breathing,ok,ninguna,,,,,
SIGN,Buccal,ok,ninguna,,,,,
SIGN,Buccal Pigmentation-Addison Disease,ok,ninguna,,,,,
SIGN,Bulimia,ok,ninguna,,,,,
SIGN,Cancer Chemotherapy-Mucositis,ok,ninguna,,,,,
SIGN,"Cannon ""a"" Waves-AV Asynchrony",ok,ninguna,,,,,
SIGN,Carbuncle,ok,ninguna,,,,,
SIGN,Carcinoma,ok,ninguna,,,,,
SIGN,Carcinoma of the Lip,ok,ninguna,,,,,
SIGN,Carcinoma of the Penis,ok,ninguna,,,,,
SIGN,Carotenemia,ok,ninguna,,,,,
SIGN,Cataract,ok,ninguna,,,,,
SIGN,Catatonia,ok,ninguna,,,,,
SIGN,Cerebrospinal Rhinorrhea,ok,ninguna,,,,,
SIGN,Cerumen Impaction,ok,ninguna,,,,,
SIGN,Cheilosis (Angular Stomatitis),ok,ninguna,,,,,
SIGN,Chest,revisar,ninguna,,,,,
SIGN,Chest and Respiratory Pain,revisar,ninguna,,,,,
SIGN,Chest and Respiratory Pain with Tenderness,ok,ninguna,,,,,
SIGN,Chest Pain with Dysesthesia-Herpes,ok,ninguna,,,,,
SIGN,Cicatricial Pemphigoid,ok,ninguna,,,,,
SIGN,Clubbing of the Fingers,ok,ninguna,,,,,
SIGN,Coarctation of Aorta,ok,ninguna,,,,,
SIGN,Coarctation of the Aorta,revisar,ninguna,,,,,
SIGN,Coccygeal Sinus (Pilonidal Sinus),revisar,ninguna,,,,,
SIGN,Comitant Strabismus,ok,ninguna,,,,,
SIGN,Conduction,ok,ninguna,,,,,
SIGN,Conductive,ok,ninguna,,,,,
SIGN,Condyloma Acuminatum,revisar,ninguna,,,,,
SIGN,Condyloma Latum,ok,ninguna,,,,,
SIGN,Conjugate Failure of Lateral Gaze,ok,ninguna,,,,,
SIGN,Conjugate Failure of Vertical Gaze,ok,ninguna,,,,,
SIGN,Conjunctival Edema-Chemosis,ok,ninguna,,,,,
SIGN,Conjunctival Injection,ok,ninguna,,,,,
SIGN,Conjunctivitis,ok,ninguna,,,,,
SIGN,Continuous Murmur,ok,ninguna,,,,,
SIGN,Costovertebral Tenderness,ok,ninguna,,,,,
SIGN,"Coupled Rhythm: Bigeminy, Trigeminy",ok,ninguna,,,,,
SIGN,Crackles (Rales),ok,ninguna,,,,,
SIGN,Crepitus,ok,ninguna,,,,,
SIGN,Cutaneous Hyperesthesia and Allodynia,ok,ninguna,,,,,
SIGN,Cutaneous Scars and Striae,ok,ninguna,,,,,
SIGN,Cysts,ok,ninguna,,,,,
SIGN,Dacryoadenitis,ok,ninguna,,,,,
SIGN,Dacryocystitis,ok,ninguna,,,,,
SIGN,Decreased or Absent Peristaltic Sounds,ok,ninguna,,,,,
SIGN,Decreased Respiratory Rate-Bradypnea,ok,ninguna,,,,,
SIGN,Decreased Skin Elasticity,ok,ninguna,,,,,
SIGN,Decreased Skin Turgor-Extracellular Fluid,ok,ninguna,,,,,
SIGN,Deep Breathing-Hyperpnea,revisar,ninguna,,,,,
SIGN,Deficits of Arm Abduction,ok,ninguna,,,,,
SIGN,Deformed Foot,ok,ninguna,,,,,
SIGN,Deformity of the Second to Fifth Toes,ok,ninguna,,,,,
SIGN,Dental Ulcer,ok,ninguna,,,,,
SIGN,Dependent Rubor and Coldness-Chronic,ok,ninguna,,,,,
SIGN,Depressed Abdomen-Scaphoid Abdomen,ok,ninguna,,,,,
SIGN,Dermatitis,ok,ninguna,,,,,
SIGN,Dermatofibroma,ok,ninguna,,,,,
SIGN,Dermatographia,ok,ninguna,,,,,
SIGN,Deviated Septum,ok,ninguna,,,,,
SIGN,Diastolic Snap-Mitral Opening Snap,ok,ninguna,,,,,
SIGN,Diastolic Sound-Pericardial Knock,ok,ninguna,,,,,
SIGN,Digital Infection,ok,ninguna,,,,,
SIGN,Diminished Local Excursion of the Thorax,ok,ninguna,,,,,
SIGN,Diminished or Absent Vocal Fremitus,ok,ninguna,,,,,
SIGN,Diminished Venous Pressure,ok,ninguna,,,,,
SIGN,Direct Tenderness,ok,ninguna,,,,,
SIGN,Discharge from the Ear-Otorrhea,ok,ninguna,,,,,
SIGN,Discharge-Endocervicitis,ok,ninguna,,,,,
SIGN,Discolored Urine,ok,ninguna,,,,,
SIGN,Discolored Urine and The Elbow and Fig,ok,ninguna,,,,,
SIGN,"Disk Edema-Papillitis, Optic Neuritis",ok,ninguna,,,,,
SIGN,Disk Pallor-Optic Atrophy,ok,ninguna,,,,,
SIGN,Disorders of Speech,revisar,ninguna,,,,,
SIGN,Distended Abdomen,ok,ninguna,,,,,
SIGN,Dry Mouth-Xerostomia,ok,ninguna,,,,,
SIGN,Dry Skin-Xerosis and Anhydrosis,ok,ninguna,,,,,
SIGN,Dry Tongue with Longitudinal Furrows,ok,ninguna,,,,,
SIGN,Dullness,revisar,ninguna,,,,,
SIGN,Dullness and Diminished Vibrations,ok,ninguna,,,,,
SIGN,Dullness and Diminished Vibrations-Pleural Fluid,revisar,ninguna,,,,,
SIGN,Dullness with Accentuated,ok,ninguna,,,,,
SIGN,Dullness with Accentuated Vibration,ok,ninguna,,,,,
SIGN,Dullness with Accentuated Vibration-Pneumonia with Small,ok,ninguna,,,,,
SIGN,Dupuytren Contracture (Palmar Fibrosis),ok,ninguna,,,,,
SIGN,Dysarthria,ok,ninguna,,,,,
SIGN,Dysdiadochokinesis,ok,ninguna,,,,,
SIGN,Dyskinesia,ok,ninguna,,,,,
SIGN,Dysphagia-Glossopharyngeal (CN IX),ok,ninguna,,,,,
SIGN,Dyspnea (Shortness of Breath),ok,ninguna,,,,,
SIGN,Dyssynergia and Dysmetria,ok,ninguna,,,,,
SIGN,Earlobe Crease,ok,ninguna,,,,,
SIGN,Earlobe Nodule: Gouty Tophus,ok,ninguna,,,,,
SIGN,Ecchymoses on Abdomen and Flanks,revisar,ninguna,,,,,
SIGN,Edema,ok,ninguna,,,,,
SIGN,Elbow Pain,ok,ninguna,,,,,
SIGN,Elevated Central Venous Pressure (CVP),ok,ninguna,,,,,
SIGN,Engorged Veins,ok,ninguna,,,,,
SIGN,Enlarged Adult Skull-Paget Disease,ok,ninguna,,,,,
SIGN,Enlarged Area of Cardiac Dullness,ok,ninguna,,,,,
SIGN,Enlarged Delphian Lymph Nodes,ok,ninguna,,,,,
SIGN,Enlarged Salivary Glands,ok,ninguna,,,,,
SIGN,Enophthalmos,ok,ninguna,,,,,
SIGN,Epicanthal Fold-Down Syndrome,ok,ninguna,,,,,
SIGN,Epistaxis (Nosebleed),ok,ninguna,,,,,
SIGN,Erythema,ok,ninguna,,,,,
SIGN,Exophthalmos (Ocular Proptosis),ok,ninguna,,,,,
SIGN,External Hordeolum (Sty),ok,ninguna,,,,,
SIGN,External Otitis,ok,ninguna,,,,,
SIGN,Facial Weakness and Paralysis,ok,ninguna,,,,,
SIGN,Failure of Convergence,ok,ninguna,,,,,
SIGN,Failure of Lid Closure-Paralysis,revisar,ninguna,,,,,
SIGN,Failure of Lid Opening-Ptosis of the Lid,ok,ninguna,,,,,
SIGN,Fasciculation,ok,ninguna,,,,,
SIGN,Fecal Impaction,ok,ninguna,,,,,
SIGN,Femoral Nerve Sign,ok,ninguna,,,,,
SIGN,Finger Deformity,ok,ninguna,,,,,
SIGN,Finger Swelling,ok,ninguna,,,,,
SIGN,Fingernail Signs,ok,ninguna,,,,,
SIGN,First and Second Heart Sounds,ok,ninguna,,,,,
SIGN,First Heart Sound-Onset of Ventricular,ok,ninguna,,,,,
SIGN,Fissure in Ano,ok,ninguna,,,,,
SIGN,Fistula in Ano,ok,ninguna,,,,,
SIGN,Fixation of the Trachea,ok,ninguna,,,,,
SIGN,Fluctuant Scalp Masses-Hematoma,ok,ninguna,,,,,
SIGN,Forearm Deformity,ok,ninguna,,,,,
SIGN,Forearm Pain and Weakness-Flexor,ok,ninguna,,,,,
SIGN,Frothy Sputum-Pulmonary Edema,ok,ninguna,,,,,
SIGN,Gait Ataxia,ok,ninguna,,,,,
SIGN,Gangrene,ok,ninguna,,,,,
SIGN,Generalized Erythroderma,ok,ninguna,,,,,
SIGN,Generalized Lymphadenopathy,ok,ninguna,,,,,
SIGN,Generalized Penile Swelling,ok,ninguna,,,,,
SIGN,Genital Lesion with Satellite Nodes,ok,ninguna,,,,,
SIGN,Genital Ulcer,ok,ninguna,,,,,
SIGN,"Giant ""a"" Waves-Tricuspid Stenosis",ok,ninguna,,,,,
SIGN,Gingival Hyperplasia,ok,ninguna,,,,,
SIGN,Glans-Balanitis,ok,ninguna,,,,,
SIGN,Glaucoma,ok,ninguna,,,,,
SIGN,Graying of the Hair,ok,ninguna,,,,,
SIGN,Grouped Beats and Dropped Beats,ok,ninguna,,,,,
SIGN,Hairy Leukoplakia,ok,ninguna,,,,,
SIGN,Hand Infections,ok,ninguna,,,,,
SIGN,Hard Corn,ok,ninguna,,,,,
SIGN,Heart Murmurs,ok,ninguna,,,,,
SIGN,Hematoma,ok,ninguna,,,,,
SIGN,Hemorrhoids,ok,ninguna,,,,,
SIGN,Hepatojugular Reflux and Kussmaul Sign,ok,ninguna,,,,,
SIGN,Hiccup,ok,ninguna,,,,,
SIGN,Hirsutism and Hypertrichosis,ok,ninguna,,,,,
SIGN,Hoarseness,ok,ninguna,,,,,
SIGN,Hoarseness-Vagus Nerve (CN X),ok,ninguna,,,,,
SIGN,Horner's Syndrome,ok,ninguna,,,,,
SIGN,Human Papilloma Virus-Warts,ok,ninguna,,,,,
SIGN,Hydropneumothorax,ok,ninguna,,,,,
SIGN,Hyperemia of the Globe and Ciliary Flush,ok,ninguna,,,,,
SIGN,Hyperemic Conjunctiva with Calcification,ok,ninguna,,,,,
SIGN,Hyperpigmentation,ok,ninguna,,,,,
SIGN,Hypertensive Retinopathy,ok,ninguna,,,,,
SIGN,Hyperthyroidism,ok,ninguna,,,,,
SIGN,Hypertonia,ok,ninguna,,,,,
SIGN,Hypertrophic Obstructive Cardiomyopathy,ok,ninguna,,,,,
SIGN,Hypertrophic scars and keloids,ok,ninguna,,,,,
SIGN,Hypopigmentation and Depigmentation,ok,ninguna,,,,,
SIGN,Hypopyon,ok,ninguna,,,,,
SIGN,Hypothenar Wasting,ok,ninguna,,,,,
SIGN,Hypothyroidism,ok,ninguna,,,,,
SIGN,Hypotonia,ok,ninguna,,,,,
SIGN,Inability to Close the Jaw-TMJ Dislocation,ok,ninguna,,,,,
SIGN,Increased Cup-to-Disk Ratio-Glaucoma,ok,ninguna,,,,,
SIGN,Increased Joint Mobility,ok,ninguna,,,,,
SIGN,Increased Peristaltic Sounds,ok,ninguna,,,,,
SIGN,Increased Respiratory Rate-Tachypnea,ok,ninguna,,,,,
SIGN,Increased Vocal Fremitus,ok,ninguna,,,,,
SIGN,Inequality of BP in Arms,ok,ninguna,,,,,
SIGN,Inequality of Pulses,ok,ninguna,,,,,
SIGN,Infectious Spondylitis,ok,ninguna,,,,,
SIGN,Inoculation,ok,ninguna,,,,,
SIGN,Inspiratory Convergence of Costal Margins,ok,ninguna,,,,,
SIGN,Inspiratory Retraction of Interspaces,ok,ninguna,,,,,
SIGN,Instability of Station,ok,ninguna,,,,,
SIGN,Internal Hordeolum and Meibomian Cyst,ok,ninguna,,,,,
SIGN,Internuclear,revisar,ninguna,,,,,
SIGN,Internuclear Ophthalmoplegia,ok,ninguna,,,,,
SIGN,Interosseous Wasting,ok,ninguna,,,,,
SIGN,Intertrigo,ok,ninguna,,,,,
SIGN,Intradermal Hemorrhage,ok,ninguna,,,,,
SIGN,Intraocular Pressure Changes,ok,ninguna,,,,,
SIGN,Ischial Tuberosity Pain and Ischiogluteal,ok,ninguna,,,,,
SIGN,Jaundice,ok,ninguna,,,,,
SIGN,"Jaundice (Icterus, Bilirubinemia)",ok,ninguna,,,,,
SIGN,"Jaundice, conjugated bilirubin infiltrates all",revisar,ninguna,,,,,
SIGN,Jaw Weakness and Spasm,ok,ninguna,,,,,
SIGN,Kayser-Fleischer Ring-Wilson Disease,ok,ninguna,,,,,
SIGN,Knee Pain and Recurrent Locking-Loose,ok,ninguna,,,,,
SIGN,Knee Swelling,ok,ninguna,,,,,
SIGN,Koplik Spots (Measles),ok,ninguna,,,,,
SIGN,Labial,ok,ninguna,,,,,
SIGN,Labial Vesicles-Herpes Simplex,revisar,ninguna,,,,,
SIGN,Lacrimation,ok,ninguna,,,,,
SIGN,"Large ""v"" Waves in the Venous Pulse-TR",revisar,ninguna,,,,,
SIGN,Large Hands,revisar,ninguna,,,,,
SIGN,Laryngeal Edema,ok,ninguna,,,,,
SIGN,Laryngeal Neoplasm,ok,ninguna,,,,,
SIGN,Lateral Cervical Masses,ok,ninguna,,,,,
SIGN,Lateral Deviation of the Great Toe-Hallux,ok,ninguna,,,,,
SIGN,Lateral Deviations of the Trachea,ok,ninguna,,,,,
SIGN,Lens Subluxation and Dislocation,ok,ninguna,,,,,
SIGN,Leukoplakia,revisar,ninguna,,,,,
SIGN,Lichen Planus,ok,ninguna,,,,,
SIGN,Lichen Simplex Chronicus,ok,ninguna,,,,,
SIGN,Lid Edema,ok,ninguna,,,,,
SIGN,Lid Eversion-Ectropion,ok,ninguna,,,,,
SIGN,Lid Hemorrhage,ok,ninguna,,,,,
SIGN,Lid Inversion-Entropion,ok,ninguna,,,,,
SIGN,Lid Lag-Hyperthyroidism,ok,ninguna,,,,,
SIGN,Lid Scaling and Redness-Blepharitis,ok,ninguna,,,,,
SIGN,Limited Jaw Opening-Trismus,ok,ninguna,,,,,
SIGN,Limited Lingual Protrusion-Carcinoma,ok,ninguna,,,,,
SIGN,Lingual,ok,ninguna,,,,,
SIGN,Lip Chancre,ok,ninguna,,,,,
SIGN,Localized Bulging of the Thorax During,ok,ninguna,,,,,
SIGN,Localized Thickening of Palmar Fascia,ok,ninguna,,,,,
SIGN,"Long, Slender Hands-Spider Fingers",ok,ninguna,,,,,
SIGN,Loss,revisar,ninguna,,,,,
SIGN,Loss of Height,ok,ninguna,,,,,
SIGN,Loss of Position and Vibration Sense,ok,ninguna,,,,,
SIGN,Lost Associated Movements (Synkinesia),ok,ninguna,,,,,
SIGN,Low Back Pain with Spinal Indentation,ok,ninguna,,,,,
SIGN,Lusterless Cornea-Superficial Keratitis,ok,ninguna,,,,,
SIGN,Maldescended Testis-Cryptorchidism,ok,ninguna,,,,,
SIGN,Malignant Melanoma,ok,ninguna,,,,,
SIGN,Mass in the Femoral Triangle,ok,ninguna,,,,,
SIGN,Mastoid Pain and Tenderness-Mastoiditis,ok,ninguna,,,,,
SIGN,Meatal Stricture,ok,ninguna,,,,,
SIGN,Medial Knee Pain-Anserine Bursitis,ok,ninguna,,,,,
SIGN,Median,ok,ninguna,,,,,
SIGN,Median Nerve Paralysis-Incomplete Flexion of Thumb,revisar,ninguna,,,,,
SIGN,Mediastinal Crunch (Hamman Sign),ok,ninguna,,,,,
SIGN,Meningitis,ok,ninguna,,,,,
SIGN,Metatarsal Pain,ok,ninguna,,,,,
SIGN,Mid or Late Systolic Click-Mitral Valve,ok,ninguna,,,,,
SIGN,Midline Cervical Mass-Thyroglossal Cysts,ok,ninguna,,,,,
SIGN,Mitral Regurgitation (MR),ok,ninguna,,,,,
SIGN,Mitral Stenosis,ok,ninguna,,,,,
SIGN,Mitral Valve Prolapse-Midsystolic Click,revisar,ninguna,,,,,
SIGN,Monocular Field Defects-Optic Nerve,revisar,ninguna,,,,,
SIGN,Mucous Patches (Condyloma Latum),ok,ninguna,,,,,
SIGN,Muscle Contracture,ok,ninguna,,,,,
SIGN,Muscle Cramps-Dystonias,ok,ninguna,,,,,
SIGN,Muscle Hypertrophy,ok,ninguna,,,,,
SIGN,Muscle Masses,ok,ninguna,,,,,
SIGN,Muscle Tenderness,ok,ninguna,,,,,
SIGN,Muscular Wasting,ok,ninguna,,,,,
SIGN,Myelinated Nerve Fibers,ok,ninguna,,,,,
SIGN,Myoclonus,ok,ninguna,,,,,
SIGN,Myotonia,ok,ninguna,,,,,
SIGN,Nail Pitting,ok,ninguna,,,,,
SIGN,Narrowed Pulse Pressure,ok,ninguna,,,,,
SIGN,Nasal Discharge-Acute Suppurative,ok,ninguna,,,,,
SIGN,Nasal Discharge-Chronic Suppurative,ok,ninguna,,,,,
SIGN,Nasal Polyps,ok,ninguna,,,,,
SIGN,Neck Pain,ok,ninguna,,,,,
SIGN,Necrotizing Ulcerative Stomatitis,revisar,ninguna,,,,,
SIGN,Nevi-Moles,ok,ninguna,,,,,
SIGN,Nipple Discharge,revisar,ninguna,,,,,
SIGN,Nodular Vessels-Polyarteritis Nodosa,ok,ninguna,,,,,
SIGN,Nodules in Finger Pads,ok,ninguna,,,,,
SIGN,Noisy Joints,ok,ninguna,,,,,
SIGN,Non-tender Intra-scrotal Swelling,ok,ninguna,,,,,
SIGN,Non-tender Prostate Enlargement,ok,ninguna,,,,,
SIGN,Nontender Testicular Swelling-Neoplasm,ok,ninguna,,,,,
SIGN,Normal and Abnormal Hand Posture,ok,ninguna,,,,,
SIGN,Normal Arterial Pulse,ok,ninguna,,,,,
SIGN,Normal Breath Sounds-Vesicular Breathing,ok,ninguna,,,,,
SIGN,Normal Dullness in the Lateral Decubitus,ok,ninguna,,,,,
SIGN,Normal Pupillary Reaction,ok,ninguna,,,,,
SIGN,Normally Colored Stools with Positive,ok,ninguna,,,,,
SIGN,Notched Teeth-Hutchinson Teeth,ok,ninguna,,,,,
SIGN,Nystagmus,ok,ninguna,,,,,
SIGN,"Oral Vesicles, Blisters and Ulcers",ok,ninguna,,,,,
SIGN,Orthostatic (Postural) Hypotension,ok,ninguna,,,,,
SIGN,Orthostatic Tachycardia,ok,ninguna,,,,,
SIGN,Ovarian Cyst,ok,ninguna,,,,,
SIGN,Ovarian Mass,ok,ninguna,,,,,
SIGN,Pain and Limping-Chronic Hip Dislocation,ok,ninguna,,,,,
SIGN,Pain in the Heel,ok,ninguna,,,,,
SIGN,Pain in the Hip,ok,ninguna,,,,,
SIGN,Pain in the Upper Arm,ok,ninguna,,,,,
SIGN,Pain in Ulnar Side of Hand-Ulnar Tunnel,ok,ninguna,,,,,
SIGN,Painful Nodules in Shoulder Muscles,ok,ninguna,,,,,
SIGN,Painful Palmar Swelling-Fracture of,revisar,ninguna,,,,,
SIGN,Painful Swelling of,revisar,ninguna,,,,,
SIGN,"Painless Limping-Osteonecrosis, Aseptic",ok,ninguna,,,,,
SIGN,Painless Nodules Near Joints or Tendons,ok,ninguna,,,,,
SIGN,Painless Nodules on the Interphalangeal,ok,ninguna,,,,,
SIGN,Painless Unilateral Knee Deformity,ok,ninguna,,,,,
SIGN,Pallor,revisar,ninguna,,,,,
SIGN,"Pallor, but this blanches with pressure",revisar,ninguna,,,,,
SIGN,Palmar Erythema,ok,ninguna,,,,,
SIGN,Palpable Pleural Friction Rub,ok,ninguna,,,,,
SIGN,Palpable Purpura-Vasculitis,ok,ninguna,,,,,
SIGN,Papilledema,ok,ninguna,,,,,
SIGN,Parotid Tumors,ok,ninguna,,,,,
SIGN,Patent Ductus Arteriosus,ok,ninguna,,,,,
SIGN,Pelvic Floor Relaxation,ok,ninguna,,,,,
SIGN,Perforated Septum,ok,ninguna,,,,,
SIGN,Perforated TM,ok,ninguna,,,,,
SIGN,Pericardial Friction Rub,ok,ninguna,,,,,
SIGN,Periodic,ok,ninguna,,,,,
SIGN,Periodontitis,ok,ninguna,,,,,
SIGN,Periorbital Masses-Mucocele and Pyocele,ok,ninguna,,,,,
SIGN,Peritoneal Friction Rub,ok,ninguna,,,,,
SIGN,Physiologic Elevated Temperature-Fever,ok,ninguna,,,,,
SIGN,Pinna Neoplasms,ok,ninguna,,,,,
SIGN,Plantar Wart (Verruca Pedis or Plantaris),ok,ninguna,,,,,
SIGN,Plastic Induration of the Penis,revisar,ninguna,,,,,
SIGN,Plateau Pulse (Pulsus Tardus),ok,ninguna,,,,,
SIGN,Positive Past Pointing Test,ok,ninguna,,,,,
SIGN,Postcardiotomy Syndrome,ok,ninguna,,,,,
SIGN,Posterior Lingual Mass-Lingual Thyroid,revisar,ninguna,,,,,
SIGN,Posttraumatic Ankle Pain,ok,ninguna,,,,,
SIGN,Posttraumatic Calf Pain,ok,ninguna,,,,,
SIGN,Posttraumatic Elbow Pain,ok,ninguna,,,,,
SIGN,Posttraumatic Hip Pain,ok,ninguna,,,,,
SIGN,Posttraumatic Knee Pain,ok,ninguna,,,,,
SIGN,Posttraumatic Leg and Calf Pain,ok,ninguna,,,,,
SIGN,Posttraumatic Mid-Back Pain,ok,ninguna,,,,,
SIGN,Posttraumatic Neck Pain,ok,ninguna,,,,,
SIGN,Posttraumatic Patellar Pain,ok,ninguna,,,,,
SIGN,Prepuce-Phimosis,ok,ninguna,,,,,
SIGN,Priapism,ok,ninguna,,,,,
SIGN,Pseudopapilledema-Drusen Bodies,ok,ninguna,,,,,
SIGN,Pterygium,ok,ninguna,,,,,
SIGN,Pulmonic Regurgitation,ok,ninguna,,,,,
SIGN,Pulseless Femoral,ok,ninguna,,,,,
SIGN,Pulsus Alternans,ok,ninguna,,,,,
SIGN,Pulsus Paradoxus,ok,ninguna,,,,,
SIGN,Purulent Sputum,ok,ninguna,,,,,
SIGN,Radial,revisar,ninguna,,,,,
SIGN,Rebound Tenderness (Blumberg Sign),ok,ninguna,,,,,
SIGN,Rectal Prolapse,ok,ninguna,,,,,
SIGN,Red or Bulging,ok,ninguna,,,,,
SIGN,Red or Bulging TM,revisar,ninguna,,,,,
SIGN,Red Sclera-Scleritis and Episcleritis,ok,ninguna,,,,,
SIGN,Relative Afferent Pupillary Defect,revisar,ninguna,,,,,
SIGN,Relaxed Sphincter-Lacerated Anal Muscles,ok,ninguna,,,,,
SIGN,Resistance to Palpation-Abdominal Masses,ok,ninguna,,,,,
SIGN,Resistance to Palpation-Involuntary,ok,ninguna,,,,,
SIGN,Resistance to Palpation-Voluntary Rigidity,ok,ninguna,,,,,
SIGN,Resonance,revisar,ninguna,,,,,
SIGN,Resonance or Hyperresonance-Closed,ok,ninguna,,,,,
SIGN,Resonance or Hyperresonance-Closed Pneumothorax,revisar,ninguna,,,,,
SIGN,Resonance or Hyperresonance-Open,ok,ninguna,,,,,
SIGN,Resonance or Hyperresonance-Tension,ok,ninguna,,,,,
SIGN,Restriction of All Shoulder Motions,ok,ninguna,,,,,
SIGN,Restriction of All Shoulder Motions-Trauma and Arthritis,ok,ninguna,,,,,
SIGN,Restriction of Motion,ok,ninguna,,,,,
SIGN,Reticular Pattern-Livedo Reticularis,ok,ninguna,,,,,
SIGN,Retinal Detachment,ok,ninguna,,,,,
SIGN,Retinal Hemorrhage,ok,ninguna,,,,,
SIGN,Retinal Spots,ok,ninguna,,,,,
SIGN,Retracted TM,ok,ninguna,,,,,
SIGN,Retropharyngeal Abscess,ok,ninguna,,,,,
SIGN,Rhonchus,revisar,ninguna,,,,,
SIGN,Right Ventricular Impulse,revisar,ninguna,,,,,
SIGN,Romberg Sign,ok,ninguna,,,,,
SIGN,Rubs,ok,ninguna,,,,,
SIGN,Rubs (Pleural Friction Rub),ok,ninguna,,,,,
SIGN,Rubs (Pleural Friction Rub)) and Pericardial Rub (,ok,ninguna,,,,,
SIGN,Sacral Pain,ok,ninguna,,,,,
SIGN,Scalp Wounds,ok,ninguna,,,,,
SIGN,Scars,ok,ninguna,,,,,
SIGN,Sciatic Nerve Signs,ok,ninguna,,,,,
SIGN,Scrotal Carcinoma,ok,ninguna,,,,,
SIGN,Scrotal Edema,ok,ninguna,,,,,
SIGN,Scrotal Gangrene,ok,ninguna,,,,,
SIGN,Seborrheic Keratoses,ok,ninguna,,,,,
SIGN,Second Heart Sound-Onset of Ventricular,ok,ninguna,,,,,
SIGN,Sentinel Node (Virchow Node),ok,ninguna,,,,,
SIGN,Septal Abscess,ok,ninguna,,,,,
SIGN,Septal Hematoma,ok,ninguna,,,,,
SIGN,Septic Thrombophlebitis of the Internal,ok,ninguna,,,,,
SIGN,Shallow Abdominal Cavity,ok,ninguna,,,,,
SIGN,Shallow Breathing-Hypopnea,ok,ninguna,,,,,
SIGN,Shifted Borders of Cardiac Dullness,ok,ninguna,,,,,
SIGN,Short Stature,ok,ninguna,,,,,
SIGN,Shortened Palpebral Fissures-Fetal Alcohol,ok,ninguna,,,,,
SIGN,Shortness,revisar,ninguna,,,,,
SIGN,Shortness of Breath-Dyspnea,ok,ninguna,,,,,
SIGN,Shoulder Weakness,ok,ninguna,,,,,
SIGN,Sialorrhea (Ptyalism),ok,ninguna,,,,,
SIGN,Signs of Meningeal Irritation,ok,ninguna,,,,,
SIGN,Sinusitis and Ocular Palsies-Cavernous,ok,ninguna,,,,,
SIGN,Sinusitis and Periorbital Edema-Orbital,ok,ninguna,,,,,
SIGN,Sinusitis and Periorbital Edema-Periorbital,ok,ninguna,,,,,
SIGN,"Skin Abscess-Furuncle, Carbuncle",ok,ninguna,,,,,
SIGN,Skin or Nipple Retraction,ok,ninguna,,,,,
SIGN,Skin Pallor and Coldness-Chronic Arterial,ok,ninguna,,,,,
SIGN,Skin Tags (Acrochordons),ok,ninguna,,,,,
SIGN,Small Testes-Atrophy,ok,ninguna,,,,,
SIGN,Smooth Tongue-Glossitis,ok,ninguna,,,,,
SIGN,Snoring,ok,ninguna,,,,,
SIGN,Soft Corn,ok,ninguna,,,,,
SIGN,Softening (Hegar Sign),ok,ninguna,,,,,
SIGN,Spasticity,ok,ninguna,,,,,
SIGN,Spondyloarthritis,ok,ninguna,,,,,
SIGN,Stasis Dermatitis,revisar,ninguna,,,,,
SIGN,Stellate Figure-Arterial Spider,revisar,ninguna,,,,,
SIGN,Stereotypic Behaviors,ok,ninguna,,,,,
SIGN,Sternocleidomastoid and Trapezius,ok,ninguna,,,,,
SIGN,Sternocleidomastoid and Trapezius Weakness,revisar,ninguna,,,,,
SIGN,Stevens-Johnson Syndrome,ok,ninguna,,,,,
SIGN,Stiff Neck,ok,ninguna,,,,,
SIGN,Stiffened Great Toe-Hallux Rigidus,ok,ninguna,,,,,
SIGN,Striae,ok,ninguna,,,,,
SIGN,Stridor,ok,ninguna,,,,,
SIGN,Subacute Localized,ok,ninguna,,,,,
SIGN,Subconjunctival Hemorrhage,ok,ninguna,,,,,
SIGN,Subconjunctival Vessels,ok,ninguna,,,,,
SIGN,Subcutaneous and Mediastinal Emphysema and Esophageal,ok,ninguna,,,,,
SIGN,Subcutaneous Crepitus,ok,ninguna,,,,,
SIGN,Sublingual Mass-Carcinoma,ok,ninguna,,,,,
SIGN,Subungual,ok,ninguna,,,,,
SIGN,Subungual Hemorrhage,ok,ninguna,,,,,
SIGN,Sudden Onset of Loud Systolic Murmurs,ok,ninguna,,,,,
SIGN,Superficial Thrombophlebitis,ok,ninguna,,,,,
SIGN,Surgical And Traumatic Scars,ok,ninguna,,,,,
SIGN,Sweet Syndrome,ok,ninguna,,,,,
SIGN,Swelling of the Ankle Joint-Joint Effusion,ok,ninguna,,,,,
SIGN,Swelling of the Cheek,ok,ninguna,,,,,
SIGN,Swelling of the Dorsum,ok,ninguna,,,,,
SIGN,Swelling of the Elbow,ok,ninguna,,,,,
SIGN,Swelling of the Wrist,ok,ninguna,,,,,
SIGN,Swollen Gums-Scurvy,ok,ninguna,,,,,
SIGN,Tactile Extinction Test,ok,ninguna,,,,,
SIGN,Tattoos,ok,ninguna,,,,,
SIGN,Tender,ok,ninguna,,,,,
SIGN,Tender Points,ok,ninguna,,,,,
SIGN,Tender Points-Fibromyalgia,ok,ninguna,,,,,
SIGN,Tender Prostatic Enlargement,ok,ninguna,,,,,
SIGN,Tender Prostatic Enlargement-Acute,ok,ninguna,,,,,
SIGN,Tender Prostatic Enlargement-Acute Prostatitis,ok,ninguna,,,,,
SIGN,Tender Testicular Swelling-Acute Orchitis,ok,ninguna,,,,,
SIGN,Tender Testicular Swelling-Testicular,ok,ninguna,,,,,
SIGN,Tender Thyroid-Subacute Thyroiditis,revisar,ninguna,,,,,
SIGN,Tenderness,ok,ninguna,,,,,
SIGN,Tenderness-Endometritis,ok,ninguna,,,,,
SIGN,Tetany,ok,ninguna,,,,,
SIGN,Thenar Wasting,ok,ninguna,,,,,
SIGN,Thickening of Skin-Callus,ok,ninguna,,,,,
SIGN,Thrills,ok,ninguna,,,,,
SIGN,"Thrush, Candidiasis",ok,ninguna,,,,,
SIGN,Thyroid Bruit,ok,ninguna,,,,,
SIGN,Thyroid Enlargement: Goiter,ok,ninguna,,,,,
SIGN,Tics,ok,ninguna,,,,,
SIGN,Tight Skin-Sclerodactyly,ok,ninguna,,,,,
SIGN,Tight Sphincter-Apprehension,ok,ninguna,,,,,
SIGN,Tight Sphincter-Fissure in Ano,ok,ninguna,,,,,
SIGN,Tongue Deviation and Wasting,ok,ninguna,,,,,
SIGN,Tongue Enlargement,ok,ninguna,,,,,
SIGN,Tonic Pupil (Adie Pupil),ok,ninguna,,,,,
SIGN,Tonsillar Enlargement-Hyperplasia,ok,ninguna,,,,,
SIGN,Tracheal Displacement from Goiter,ok,ninguna,,,,,
SIGN,Transverse Furrow in Nail Plate-Beau Line,ok,ninguna,,,,,
SIGN,Tremors,ok,ninguna,,,,,
SIGN,Tricuspid Regurgitation (TR),ok,ninguna,,,,,
SIGN,Tricuspid Stenosis,ok,ninguna,,,,,
SIGN,Trigger Points-Myofascial Pain,ok,ninguna,,,,,
SIGN,Triple Rhythms and Gallops,ok,ninguna,,,,,
SIGN,Trophic Disturbances,ok,ninguna,,,,,
SIGN,Tubal Mass-Ectopic Pregnancy,ok,ninguna,,,,,
SIGN,Twice Peaking (Dicrotic) Pulses,ok,ninguna,,,,,
SIGN,Tympanitic Percussion-Tympanites,ok,ninguna,,,,,
SIGN,Ulcer,ok,ninguna,,,,,
SIGN,Ulcer of the Sole-Perforating Neurotrophic,ok,ninguna,,,,,
SIGN,Ulnar Nerve Paralysis-Adductor Weakness,ok,ninguna,,,,,
SIGN,Unequal Pupils-Anisocoria,ok,ninguna,,,,,
SIGN,Unilateral Miosis-Horner Syndrome,ok,ninguna,,,,,
SIGN,Unreactive Pupil-Pupillary Paralysis,ok,ninguna,,,,,
SIGN,Urethral Discharge,ok,ninguna,,,,,
SIGN,Urethral Meatus Abnormalities,ok,ninguna,,,,,
SIGN,Urethral Stricture,ok,ninguna,,,,,
SIGN,Urticaria,ok,ninguna,,,,,
SIGN,Uterine Enlargement-Leiomyoma (Fibroid),ok,ninguna,,,,,
SIGN,Uterine Enlargement-Neoplasm of,revisar,ninguna,,,,,
SIGN,Uterine Enlargement-Pregnancy,ok,ninguna,,,,,
SIGN,Uvula Edema,ok,ninguna,,,,,
SIGN,Vaginal,ok,ninguna,,,,,
SIGN,Vaginal Discharge and Vaginitis,ok,ninguna,,,,,
SIGN,Vaginal Ulcers,ok,ninguna,,,,,
SIGN,Valvular Aortic Stenosis,ok,ninguna,,,,,
SIGN,Valvular Pulmonic Stenosis,ok,ninguna,,,,,
SIGN,Varying Squint Angle-Noncomitant,ok,ninguna,,,,,
SIGN,Venous Engorgement,ok,ninguna,,,,,
SIGN,Venous Hum,ok,ninguna,,,,,
SIGN,Venous Occlusion,ok,ninguna,,,,,
SIGN,Ventricular Septal Defect,ok,ninguna,,,,,
SIGN,Vesicles on the TM,ok,ninguna,,,,,
SIGN,Vestibule Folliculitis,ok,ninguna,,,,,
SIGN,Vestibule Furunculosis,ok,ninguna,,,,,
SIGN,Violaceous Lids,ok,ninguna,,,,,
SIGN,Visible Peristalsis,ok,ninguna,,,,,
SIGN,Visible Pulsations,ok,ninguna,,,,,
SIGN,Visual Field Loss-Optic Nerve (CN II),ok,ninguna,,,,,
SIGN,Vitiligo,ok,ninguna,,,,,
SIGN,Voice Sounds,ok,ninguna,,,,,
SIGN,Vulvar Inflammation-Vulvitis,ok,ninguna,,,,,
SIGN,Vulvar Rash,ok,ninguna,,,,,
SIGN,"Vulvar Swelling, Masses, and Growths",ok,ninguna,,,,,
SIGN,Weak Elbow Flexion,ok,ninguna,,,,,
SIGN,"Weakness-Muscle Paralysis, Paresis",revisar,ninguna,,,,,
SIGN,Weight Gain,ok,ninguna,,,,,
SIGN,"Weight Gain, but more commonly the exact",revisar,ninguna,,,,,
SIGN,Weight Loss,ok,ninguna,,,,,
SIGN,Wheezes,ok,ninguna,,,,,
SIGN,Wide Stance,ok,ninguna,,,,,
SIGN,Widened Palpebral Fissures,ok,ninguna,,,,,
SIGN,Widened Pulse Pressure,ok,ninguna,,,,,
SIGN,Xanthomas,ok,ninguna,,,,,
SIGN,Xerostomia,ok,ninguna,,,,,
SIGN,"Xerostomia, Sjögren Syndrome",ok,ninguna,,,,,
SIGN,Yellow Lid Plaques-Xanthelasma,ok,ninguna,,,,,
SIGN,Yellow Sclera-Icterus and Fat,ok,ninguna,,,,,
SYNDROME,(Osteitis Fibrosa Cystica),ok,ninguna,,,,,
SYNDROME,Abdominal Pain,ok,ninguna,,,,,
SYNDROME,Abdominal Pain and Pallor,revisar,ninguna,,,,,
SYNDROME,Abdominal Pain and Pallor-Follicular,ok,ninguna,,,,,
SYNDROME,Abdominal Pain and Pallor-Follicular and Corpus Luteum,ok,ninguna,,,,,
SYNDROME,Abdominal Pain and Pallor-Follicular and Corpus Luteum Hemorrhage,ok,ninguna,,,,,
SYNDROME,Abdominal Wall Pain Syndromes,ok,ninguna,,,,,
SYNDROME,Aberrant Right Subclavian Artery,ok,ninguna,,,,,
SYNDROME,Abnormal Body,ok,ninguna,,,,,
SYNDROME,Abnormal Body Proportions: Marfan,ok,ninguna,,,,,
SYNDROME,Abuse and Neglect,ok,ninguna,,,,,
SYNDROME,Acrocyanosis,ok,ninguna,,,,,
SYNDROME,Acromegaly and Gigantism,ok,ninguna,,,,,
SYNDROME,Acute,revisar,ninguna,,,,,
SYNDROME,Acute Abdominal Pain,ok,ninguna,,,,,
SYNDROME,Acute Abdominal Pain-Acute,ok,ninguna,,,,,
SYNDROME,Acute Abdominal Pain-Acute Peritonitis,revisar,ninguna,,,,,
SYNDROME,"Acute Abdominal Pain-Acute Peritonitis, 499-502; and Pelvic Pain",ok,ninguna,,,,,
SYNDROME,Acute Bloody Diarrhea,ok,ninguna,,,,,
SYNDROME,Acute Bronchitis,ok,ninguna,,,,,
SYNDROME,Acute Coronary Syndromes: Unstable,ok,ninguna,,,,,
SYNDROME,Acute Epigastric Pain,ok,ninguna,,,,,
SYNDROME,Acute External Otitis,ok,ninguna,,,,,
SYNDROME,Acute Extremity Artery Obstruction,ok,ninguna,,,,,
SYNDROME,Acute Hepatic Vein Thrombosis,ok,ninguna,,,,,
SYNDROME,Acute Laryngeal Obstruction,ok,ninguna,,,,,
SYNDROME,Acute Laryngitis,ok,ninguna,,,,,
SYNDROME,Acute LLQ Pain,ok,ninguna,,,,,
SYNDROME,Acute LUQ Pain,ok,ninguna,,,,,
SYNDROME,Acute Mastoiditis,ok,ninguna,,,,,
SYNDROME,Acute Nonbloody Diarrhea,ok,ninguna,,,,,
SYNDROME,Acute Otitis Media,revisar,ninguna,,,,,
SYNDROME,Acute Otitis Media with Effusion,ok,ninguna,,,,,
SYNDROME,Acute Otitis Media with Effusion (Serous Otitis Media),ok,ninguna,,,,,
SYNDROME,Acute Pharyngitis,ok,ninguna,,,,,
SYNDROME,Acute Renal,ok,ninguna,,,,,
SYNDROME,Acute Renal Failure,ok,ninguna,,,,,
SYNDROME,Acute Renal Failure and Chapter 12,ok,ninguna,,,,,
SYNDROME,Acute RLQ Pain,ok,ninguna,,,,,
SYNDROME,Acute RUQ Pain,revisar,ninguna,,,,,
SYNDROME,Acute Suppurative Otitis Media,ok,ninguna,,,,,
SYNDROME,Acute Suprapubic Pain,ok,ninguna,,,,,
SYNDROME,Adjustment Disorders,ok,ninguna,,,,,
SYNDROME,Alcohol-Related Illness,ok,ninguna,,,,,
SYNDROME,Alexia and Agraphia,ok,ninguna,,,,,
SYNDROME,Alopecia Areata,ok,ninguna,,,,,
SYNDROME,Amyloidosis,ok,ninguna,,,,,
SYNDROME,Amyotrophic Lateral Sclerosis,ok,ninguna,,,,,
SYNDROME,Anaphylactic Shock,ok,ninguna,,,,,
SYNDROME,Angina Pectoris,ok,ninguna,,,,,
SYNDROME,Anterior Ischemic Optic,ok,ninguna,,,,,
SYNDROME,Anterior Ischemic Optic Neuropathy (AION,revisar,ninguna,,,,,
SYNDROME,Antiphospholipid Syndrome,ok,ninguna,,,,,
SYNDROME,Aortic Dissection,ok,ninguna,,,,,
SYNDROME,Arterial Aneurysms,ok,ninguna,,,,,
SYNDROME,Arteriovenous Fistula: Acquired,revisar,ninguna,,,,,
SYNDROME,Arthritis-Inflammatory,ok,ninguna,,,,,
SYNDROME,Aspiration Pneumonia,ok,ninguna,,,,,
SYNDROME,Asthma,ok,ninguna,,,,,
SYNDROME,Atheroembolic Disease,revisar,ninguna,,,,,
SYNDROME,Atrial Fibrillation,ok,ninguna,,,,,
SYNDROME,Atrial Flutter,ok,ninguna,,,,,
SYNDROME,Autonomic Neuropathy,ok,ninguna,,,,,
SYNDROME,Autosensitization Dermatitis,ok,ninguna,,,,,
SYNDROME,Bacterial Meningitis,ok,ninguna,,,,,
SYNDROME,Benign,revisar,ninguna,,,,,
SYNDROME,Benign Prostatic Hyperplasia,ok,ninguna,,,,,
SYNDROME,Body Piercing,ok,ninguna,,,,,
SYNDROME,Bony Nodules (Occupational),ok,ninguna,,,,,
SYNDROME,Bony Swellings,ok,ninguna,,,,,
SYNDROME,Botulism,ok,ninguna,,,,,
SYNDROME,Breast Mass,ok,ninguna,,,,,
SYNDROME,Calciphylaxis,ok,ninguna,,,,,
SYNDROME,Cardiac Dilatation,ok,ninguna,,,,,
SYNDROME,Cardiac Hypertrophy,ok,ninguna,,,,,
SYNDROME,Carotodynia,ok,ninguna,,,,,
SYNDROME,Cavernous Sinus Thrombosis,ok,ninguna,,,,,
SYNDROME,Cellulitis,ok,ninguna,,,,,
SYNDROME,Chronic,revisar,ninguna,,,,,
SYNDROME,Chronic Abdominal Pain,ok,ninguna,,,,,
SYNDROME,Chronic Bronchitis,ok,ninguna,,,,,
SYNDROME,Chronic Constant Diarrhea,ok,ninguna,,,,,
SYNDROME,Chronic Cough,ok,ninguna,,,,,
SYNDROME,Chronic Daily Headache,ok,ninguna,,,,,
SYNDROME,Chronic Diarrhea,revisar,ninguna,,,,,
SYNDROME,Chronic Diarrhea and Malabsorption,ok,ninguna,,,,,
SYNDROME,Chronic Epigastric Pain,ok,ninguna,,,,,
SYNDROME,Chronic External Otitis,ok,ninguna,,,,,
SYNDROME,Chronic Fatigue Syndrome,ok,ninguna,,,,,
SYNDROME,Chronic Intermittent Diarrhea,ok,ninguna,,,,,
SYNDROME,Chronic Kidney,ok,ninguna,,,,,
SYNDROME,Chronic Kidney Disease and Chronic,ok,ninguna,,,,,
SYNDROME,Chronic Kidney Disease and Chronic Renal Failure,ok,ninguna,,,,,
SYNDROME,Chronic Laryngitis,ok,ninguna,,,,,
SYNDROME,Chronic Painless Enlargement of,revisar,ninguna,,,,,
SYNDROME,Chronic Portal Vein Obstruction,ok,ninguna,,,,,
SYNDROME,Chronic Prostatitis,ok,ninguna,,,,,
SYNDROME,Chronic RUQ,ok,ninguna,,,,,
SYNDROME,Chronic RUQ Pain,ok,ninguna,,,,,
SYNDROME,Chronic Suppurative Otitis Media,ok,ninguna,,,,,
SYNDROME,Chronic Vegetative State,ok,ninguna,,,,,
SYNDROME,Cluster Headache,ok,ninguna,,,,,
SYNDROME,Coarctation of the Aorta,ok,ninguna,,,,,
SYNDROME,Coma,ok,ninguna,,,,,
SYNDROME,Common Variable Immunodeficiency,ok,ninguna,,,,,
SYNDROME,Compartment Syndrome,revisar,ninguna,,,,,
SYNDROME,Complex Regional Pain Syndrome,ok,ninguna,,,,,
SYNDROME,Compression Neuropathies,ok,ninguna,,,,,
SYNDROME,Congenital Heart Disease,ok,ninguna,,,,,
SYNDROME,Congestive Heart Failure (CHF),ok,ninguna,,,,,
SYNDROME,Constrictive Pericarditis,ok,ninguna,,,,,
SYNDROME,Corticosteroid Excess,ok,ninguna,,,,,
SYNDROME,Cutaneous Nevi-Moles,ok,ninguna,,,,,
SYNDROME,Cutaneous T-Cell Lymphoma,ok,ninguna,,,,,
SYNDROME,Death,ok,ninguna,,,,,
SYNDROME,Deep Vein Thrombosis (DVT),ok,ninguna,,,,,
SYNDROME,Delirium,ok,ninguna,,,,,
SYNDROME,Dementia,ok,ninguna,,,,,
SYNDROME,Depression,ok,ninguna,,,,,
SYNDROME,Dermatomyositis,ok,ninguna,,,,,
SYNDROME,Difficulty Swallowing,ok,ninguna,,,,,
SYNDROME,Difficulty Swallowing-Dysphagia,ok,ninguna,,,,,
SYNDROME,Digital Gangrene,ok,ninguna,,,,,
SYNDROME,Disorders of Language,ok,ninguna,,,,,
SYNDROME,Disseminated,revisar,ninguna,,,,,
SYNDROME,Dizziness,ok,ninguna,,,,,
SYNDROME,Down Syndrome,ok,ninguna,,,,,
SYNDROME,Dysthymia,ok,ninguna,,,,,
SYNDROME,Dystonias,ok,ninguna,,,,,
SYNDROME,Eating Disorders,ok,ninguna,,,,,
SYNDROME,Ectopic Pregnancy,ok,ninguna,,,,,
SYNDROME,Emphysema,ok,ninguna,,,,,
SYNDROME,Endemic North American Fever,ok,ninguna,,,,,
SYNDROME,Endemic North American Fever Syndromes,revisar,ninguna,,,,,
SYNDROME,Endocarditis (NBTE),ok,ninguna,,,,,
SYNDROME,Endometrial Cancer,ok,ninguna,,,,,
SYNDROME,Endometriosis,ok,ninguna,,,,,
SYNDROME,Epidural Hematoma,ok,ninguna,,,,,
SYNDROME,Epidural Spinal Cord Compression,ok,ninguna,,,,,
SYNDROME,Epigastric Hernia,revisar,ninguna,,,,,
SYNDROME,Epigastric Masses,ok,ninguna,,,,,
SYNDROME,Erectile Dysfunction: Impotence,ok,ninguna,,,,,
SYNDROME,Erysipelas,ok,ninguna,,,,,
SYNDROME,Erythema Multiforme,ok,ninguna,,,,,
SYNDROME,Erythema Nodosum,revisar,ninguna,,,,,
SYNDROME,Erythrocytosis-Polycythemia,ok,ninguna,,,,,
SYNDROME,Esophageal,revisar,ninguna,,,,,
SYNDROME,Esophageal Pain,revisar,ninguna,,,,,
SYNDROME,Esophageal Pain and Dysphagia,ok,ninguna,,,,,
SYNDROME,Facial,revisar,ninguna,,,,,
SYNDROME,Facial Pain-Acute Suppurative,ok,ninguna,,,,,
SYNDROME,Facial Pain-Trigeminal Neuralgia,revisar,ninguna,,,,,
SYNDROME,Facial Pain-Trigeminal Neuralgia (Tic Douloureux),ok,ninguna,,,,,
SYNDROME,Factitious Disorders,revisar,ninguna,,,,,
SYNDROME,Fecal Incontinence,ok,ninguna,,,,,
SYNDROME,Fever in Returning Travelers,ok,ninguna,,,,,
SYNDROME,Fever of Unknown Origin (FUO),ok,ninguna,,,,,
SYNDROME,Fibromyalgia,ok,ninguna,,,,,
SYNDROME,Folliculitis,ok,ninguna,,,,,
SYNDROME,Fractures,ok,ninguna,,,,,
SYNDROME,Galactorrhea,ok,ninguna,,,,,
SYNDROME,Gastric Distention,ok,ninguna,,,,,
SYNDROME,Generalized,revisar,ninguna,,,,,
SYNDROME,Generalized Anxiety Disorder,ok,ninguna,,,,,
SYNDROME,Generalized Seizure,ok,ninguna,,,,,
SYNDROME,Giant Cell Arteritis,ok,ninguna,,,,,
SYNDROME,Glaucoma,ok,ninguna,,,,,
SYNDROME,Goiter,ok,ninguna,,,,,
SYNDROME,Growth Retardation-Cystic Fibrosis,ok,ninguna,,,,,
SYNDROME,Gynecomastia,ok,ninguna,,,,,
SYNDROME,Hashimoto Thyroiditis,ok,ninguna,,,,,
SYNDROME,Headache,ok,ninguna,,,,,
SYNDROME,Headache Present on Awakening,ok,ninguna,,,,,
SYNDROME,Hearing Loss,ok,ninguna,,,,,
SYNDROME,Heat Exhaustion (Heat Prostration),ok,ninguna,,,,,
SYNDROME,Heat Stroke,ok,ninguna,,,,,
SYNDROME,Hemisection of the Spinal Cord,ok,ninguna,,,,,
SYNDROME,Hemorrhagic Stroke: See Headache,ok,ninguna,,,,,
SYNDROME,Hepatopulmonary Syndrome,ok,ninguna,,,,,
SYNDROME,Hepatopulmonary Syndrome seen in patients,revisar,ninguna,,,,,
SYNDROME,Herniated Intervertebral Disk,ok,ninguna,,,,,
SYNDROME,Hidradenitis Suppurative,ok,ninguna,,,,,
SYNDROME,HIV and AIDS,ok,ninguna,,,,,
SYNDROME,Homelessness,ok,ninguna,,,,,
SYNDROME,Horner Syndrome,ok,ninguna,,,,,
SYNDROME,Hyperparathyroidism,ok,ninguna,,,,,
SYNDROME,Hypersensitivity Pneumonitis,ok,ninguna,,,,,
SYNDROME,Hyperthyroidism,revisar,ninguna,,,,,
SYNDROME,Hypertrophic Cardiomyopathy,ok,ninguna,,,,,
SYNDROME,"Hypomania, Mania, Bipolar",ok,ninguna,,,,,
SYNDROME,Hypoparathyroidism,ok,ninguna,,,,,
SYNDROME,Hypopituitarism,ok,ninguna,,,,,
SYNDROME,Hypothyroidism,ok,ninguna,,,,,
SYNDROME,Ichthyosis,ok,ninguna,,,,,
SYNDROME,Illiteracy,ok,ninguna,,,,,
SYNDROME,Immune Thrombocytopenic Purpura,ok,ninguna,,,,,
SYNDROME,Impulse Control Disorders,ok,ninguna,,,,,
SYNDROME,Incisional Hernia,ok,ninguna,,,,,
SYNDROME,Infectious Exanthems,revisar,ninguna,,,,,
SYNDROME,Infective Endocarditis,ok,ninguna,,,,,
SYNDROME,Infertility,ok,ninguna,,,,,
SYNDROME,Inguinal Hernia,ok,ninguna,,,,,
SYNDROME,Institutionalization,ok,ninguna,,,,,
SYNDROME,Insufficiency,ok,ninguna,,,,,
SYNDROME,Interstitial Cystitis,ok,ninguna,,,,,
SYNDROME,Interstitial Lung Disease,ok,ninguna,,,,,
SYNDROME,Interstitial Nephritis,ok,ninguna,,,,,
SYNDROME,Intracerebral Hemorrhage,ok,ninguna,,,,,
SYNDROME,Irregular Breathing-Sleep,ok,ninguna,,,,,
SYNDROME,Irregular Breathing-Sleep Apnea,revisar,ninguna,,,,,
SYNDROME,Ischemic Stroke,ok,ninguna,,,,,
SYNDROME,Isolated Systolic Hypertension,ok,ninguna,,,,,
SYNDROME,Isolation,ok,ninguna,,,,,
SYNDROME,IVC Obstruction,ok,ninguna,,,,,
SYNDROME,Klinefelter Syndrome,ok,ninguna,,,,,
SYNDROME,Laryngeal Dyspnea,ok,ninguna,,,,,
SYNDROME,LLQ Masses,revisar,ninguna,,,,,
SYNDROME,LLQ Masses occurs primarily in children,revisar,ninguna,,,,,
SYNDROME,Loin Pain,ok,ninguna,,,,,
SYNDROME,Loin Pain-Hematuria Syndrome-IgA,ok,ninguna,,,,,
SYNDROME,"Loin Pain-Hematuria Syndrome-IgA Nephropathy, for further discussion",revisar,ninguna,,,,,
SYNDROME,Loss of Balance and Falls,ok,ninguna,,,,,
SYNDROME,Lumbosacral Strain,ok,ninguna,,,,,
SYNDROME,Lung Abscess,revisar,ninguna,,,,,
SYNDROME,"Lung Abscess, acute dissection of the thoracic",revisar,ninguna,,,,,
SYNDROME,Lupus Erythematosus,ok,ninguna,,,,,
SYNDROME,Lymphedema,ok,ninguna,,,,,
SYNDROME,Malignant (Necrotizing) External,ok,ninguna,,,,,
SYNDROME,Malignant Hypertension,ok,ninguna,,,,,
SYNDROME,Marfan Syndrome,revisar,ninguna,,,,,
SYNDROME,Mass Above the Inguinal Ligament,ok,ninguna,,,,,
SYNDROME,Mediastinal Emphysema,ok,ninguna,,,,,
SYNDROME,Mediastinal Tumors,ok,ninguna,,,,,
SYNDROME,Menstrual Disorders,ok,ninguna,,,,,
SYNDROME,Metabolic Syndrome,ok,ninguna,,,,,
SYNDROME,Metastasis to Bone,ok,ninguna,,,,,
SYNDROME,Metastatic Cancer,ok,ninguna,,,,,
SYNDROME,Migraine,ok,ninguna,,,,,
SYNDROME,Mild Cognitive Impairment,ok,ninguna,,,,,
SYNDROME,Minimally Conscious State,ok,ninguna,,,,,
SYNDROME,Monarticular Arthritis,ok,ninguna,,,,,
SYNDROME,Multiple Sclerosis,ok,ninguna,,,,,
SYNDROME,Myasthenia Gravis,revisar,ninguna,,,,,
SYNDROME,Myiasis,ok,ninguna,,,,,
SYNDROME,Myofascial Pain Syndrome,ok,ninguna,,,,,
SYNDROME,Myofascial Pain Syndrome may antedate other,revisar,ninguna,,,,,
SYNDROME,Narcolepsy,ok,ninguna,,,,,
SYNDROME,Necrotizing Soft-Tissue Infection,ok,ninguna,,,,,
SYNDROME,Neuroleptic Malignant Syndrome,ok,ninguna,,,,,
SYNDROME,Neuropathy (AION),ok,ninguna,,,,,
SYNDROME,Neurosyphilis,ok,ninguna,,,,,
SYNDROME,Noisy Tympanites with Colic,revisar,ninguna,,,,,
SYNDROME,Numb Chin Syndrome,revisar,ninguna,,,,,
SYNDROME,Obesity,ok,ninguna,,,,,
SYNDROME,Obsessive-Compulsive Disorder,revisar,ninguna,,,,,
SYNDROME,Oligoarthritis and Polyarthritis,ok,ninguna,,,,,
SYNDROME,Orbital Cellulitis,revisar,ninguna,,,,,
SYNDROME,Orbital Cellulitis and Fig. 7-41D are present without obvious,revisar,ninguna,,,,,
SYNDROME,Osteogenesis Imperfecta,ok,ninguna,,,,,
SYNDROME,Osteomalacia,ok,ninguna,,,,,
SYNDROME,Osteomyelitis,ok,ninguna,,,,,
SYNDROME,Osteoporosis,ok,ninguna,,,,,
SYNDROME,Other Abdominal Masses,ok,ninguna,,,,,
SYNDROME,Other Abdominal Masses. Hernias are protrusions,revisar,ninguna,,,,,
SYNDROME,Ovarian Cancer,ok,ninguna,,,,,
SYNDROME,Ovarian Cysts,revisar,ninguna,,,,,
SYNDROME,Ovarian Torsion,ok,ninguna,,,,,
SYNDROME,Paget Disease,ok,ninguna,,,,,
SYNDROME,Panniculitis,ok,ninguna,,,,,
SYNDROME,Paradoxical Vocal Cord Motion,ok,ninguna,,,,,
SYNDROME,Paranasal Sinusitis,ok,ninguna,,,,,
SYNDROME,Paraparesis,ok,ninguna,,,,,
SYNDROME,Parkinson's Disease,revisar,ninguna,,,,,
SYNDROME,Paroxysmal,ok,ninguna,,,,,
SYNDROME,"Paroxysmal Flushing, Blanching",revisar,ninguna,,,,,
SYNDROME,Paroxysmal Supraventricular (Atrial),ok,ninguna,,,,,
SYNDROME,Partial Seizures,ok,ninguna,,,,,
SYNDROME,Patients with Red Eye,revisar,ninguna,,,,,
SYNDROME,"Patients with Red Eye, and Plate 17",ok,ninguna,,,,,
SYNDROME,"Patients with Red Eye, Keratoconjunctivitis sicca",ok,ninguna,,,,,
SYNDROME,Pericardial Tamponade,ok,ninguna,,,,,
SYNDROME,Periorbital Abscess,ok,ninguna,,,,,
SYNDROME,Peripheral Neuropathy,ok,ninguna,,,,,
SYNDROME,Pleural Effusion,ok,ninguna,,,,,
SYNDROME,Pleuritis and Pleurisy,ok,ninguna,,,,,
SYNDROME,Pneumonia,ok,ninguna,,,,,
SYNDROME,Pneumothorax,ok,ninguna,,,,,
SYNDROME,Poliomyelitis and West Nile,ok,ninguna,,,,,
SYNDROME,Polymyalgia Rheumatica,ok,ninguna,,,,,
SYNDROME,Posterior Column Disease,ok,ninguna,,,,,
SYNDROME,Postherpetic Neuralgia,ok,ninguna,,,,,
SYNDROME,Postpartum Thyroiditis,ok,ninguna,,,,,
SYNDROME,Premature Beats,ok,ninguna,,,,,
SYNDROME,Proctalgia Fugax,ok,ninguna,,,,,
SYNDROME,Prolactinoma,ok,ninguna,,,,,
SYNDROME,Prolonged Grieving,ok,ninguna,,,,,
SYNDROME,Prostate Cancer,ok,ninguna,,,,,
SYNDROME,Psychosis,ok,ninguna,,,,,
SYNDROME,Psychosis: Schizophrenia,ok,ninguna,,,,,
SYNDROME,Pulmonary Artery Embolism,revisar,ninguna,,,,,
SYNDROME,Pulmonary Edema,ok,ninguna,,,,,
SYNDROME,Pulmonary Embolism,ok,ninguna,,,,,
SYNDROME,Pulmonary-Renal Syndromes,ok,ninguna,,,,,
SYNDROME,"Purpura, Abdominal Pain",revisar,ninguna,,,,,
SYNDROME,Pyoderma Gangrenosum,ok,ninguna,,,,,
SYNDROME,Quadriparesis,ok,ninguna,,,,,
SYNDROME,Raynaud,ok,ninguna,,,,,
SYNDROME,Raynaud Disease and Phenomenon,ok,ninguna,,,,,
SYNDROME,Raynaud Disease and Phenomenon for,revisar,ninguna,,,,,
SYNDROME,Reactive Arthritis (Reiter Syndrome),ok,ninguna,,,,,
SYNDROME,Recurrent Abdominal,ok,ninguna,,,,,
SYNDROME,Recurrent Abdominal Pain,ok,ninguna,,,,,
SYNDROME,Recurring Inflammation-Relapsing,ok,ninguna,,,,,
SYNDROME,Red Burning,ok,ninguna,,,,,
SYNDROME,Restless Legs Syndrome,ok,ninguna,,,,,
SYNDROME,Restrictive Cardiomyopathy,ok,ninguna,,,,,
SYNDROME,Rhinosinusitis,ok,ninguna,,,,,
SYNDROME,Rickesttsial,ok,ninguna,,,,,
SYNDROME,RLQ Masses,ok,ninguna,,,,,
SYNDROME,Ruptured Ectopic Pregnancy,ok,ninguna,,,,,
SYNDROME,RUQ Mass,ok,ninguna,,,,,
SYNDROME,RUQ Mass for a discussion of renal enlargement,revisar,ninguna,,,,,
SYNDROME,Salivary Calculus-Sialolithiasis,ok,ninguna,,,,,
SYNDROME,Sarcoidosis,ok,ninguna,,,,,
SYNDROME,Sciatica,ok,ninguna,,,,,
SYNDROME,Scleroderma,ok,ninguna,,,,,
SYNDROME,Secondary Generalized Seizure,ok,ninguna,,,,,
SYNDROME,Seizures,ok,ninguna,,,,,
SYNDROME,Septic Shock,ok,ninguna,,,,,
SYNDROME,Serum Sickness,ok,ninguna,,,,,
SYNDROME,Severe Acute Respiratory Syndrome,ok,ninguna,,,,,
SYNDROME,Sexually Transmitted Infections,ok,ninguna,,,,,
SYNDROME,Silent Tympanites without Colic,revisar,ninguna,,,,,
SYNDROME,Sinus Rhythm with Second-Degree,ok,ninguna,,,,,
SYNDROME,Sinusitis and Ocular Palsies,ok,ninguna,,,,,
SYNDROME,Sinusitis and Ocular Palsies-Cavernous Sinus,ok,ninguna,,,,,
SYNDROME,Sinusitis and Ocular Palsies-Cavernous Sinus Thrombosis,ok,ninguna,,,,,
SYNDROME,Six-Dermatome Pain,ok,ninguna,,,,,
SYNDROME,Six-Dermatome Pain with Dysphagia,ok,ninguna,,,,,
SYNDROME,Six-Dermatome Pain-Esophageal,ok,ninguna,,,,,
SYNDROME,Sjögren,ok,ninguna,,,,,
SYNDROME,Sleep-Disordered,ok,ninguna,,,,,
SYNDROME,Solitary Thyroid Nodule,ok,ninguna,,,,,
SYNDROME,Somatoform and Related,ok,ninguna,,,,,
SYNDROME,Spider Bites,ok,ninguna,,,,,
SYNDROME,Spinal Stenosis,ok,ninguna,,,,,
SYNDROME,Spondylitis,ok,ninguna,,,,,
SYNDROME,Spontaneous Esophageal Rupture,ok,ninguna,,,,,
SYNDROME,Strangulated Hernia,ok,ninguna,,,,,
SYNDROME,Subarachnoid Hemorrhage,ok,ninguna,,,,,
SYNDROME,Subdural Hematoma,ok,ninguna,,,,,
SYNDROME,Subphrenic,revisar,ninguna,,,,,
SYNDROME,Subphrenic Diseases,ok,ninguna,,,,,
SYNDROME,Sudden Cardiac,ok,ninguna,,,,,
SYNDROME,Sudden Cardiac Death-Cardiac,ok,ninguna,,,,,
SYNDROME,Sudden Unexplained Death,revisar,ninguna,,,,,
SYNDROME,Sudden Visual Loss,revisar,ninguna,,,,,
SYNDROME,Suicide,ok,ninguna,,,,,
SYNDROME,Suppurative Lymphadenopathy,ok,ninguna,,,,,
SYNDROME,Suppurative Paranasal,ok,ninguna,,,,,
SYNDROME,Suppurative Paranasal Sinusitis,revisar,ninguna,,,,,
SYNDROME,Suprapubic and Pelvic Masses,ok,ninguna,,,,,
SYNDROME,SVC Obstruction-SVC Syndrome,ok,ninguna,,,,,
SYNDROME,Swimmer's Eruption,ok,ninguna,,,,,
SYNDROME,Syndrome-Reflex,ok,ninguna,,,,,
SYNDROME,Syphilis,ok,ninguna,,,,,
SYNDROME,Syringomyelia and Chiari,ok,ninguna,,,,,
SYNDROME,Tension-Type Headache,ok,ninguna,,,,,
SYNDROME,Tetanus,ok,ninguna,,,,,
SYNDROME,Third-Degree (Complete) AV Block,ok,ninguna,,,,,
SYNDROME,Thoracic Outlet Syndromes,ok,ninguna,,,,,
SYNDROME,Thromboangiitis Obliterans,revisar,ninguna,,,,,
SYNDROME,Thromboangiitis Obliterans (Buerger Disease) for further,revisar,ninguna,,,,,
SYNDROME,Thrombocytosis,ok,ninguna,,,,,
SYNDROME,Thrombophilia,ok,ninguna,,,,,
SYNDROME,Thrombosis of the Axillary Vein,ok,ninguna,,,,,
SYNDROME,Thunderclap Headache,ok,ninguna,,,,,
SYNDROME,Thyroiditis,ok,ninguna,,,,,
SYNDROME,TMJ Pain,ok,ninguna,,,,,
SYNDROME,Torticollis (Wryneck),ok,ninguna,,,,,
SYNDROME,Torticollis (Wryneck). for discussion of goiters and thyroid nodules,revisar,ninguna,,,,,
SYNDROME,Tourette Syndrome,ok,ninguna,,,,,
SYNDROME,Toxic Shock Syndrome,ok,ninguna,,,,,
SYNDROME,Tracheal or Bronchial Obstruction,ok,ninguna,,,,,
SYNDROME,Traction,ok,ninguna,,,,,
SYNDROME,Transient Ischemic Attack,ok,ninguna,,,,,
SYNDROME,Transient Weakness of Ocular,ok,ninguna,,,,,
SYNDROME,Transient Weakness of Ocular Muscles,ok,ninguna,,,,,
SYNDROME,Trigeminal Neuralgia-Tic,ok,ninguna,,,,,
SYNDROME,Ulceroglandular Syndromes,ok,ninguna,,,,,
SYNDROME,Umbilical Hernia,ok,ninguna,,,,,
SYNDROME,Urethritis,ok,ninguna,,,,,
SYNDROME,Urinary Incontinence,ok,ninguna,,,,,
SYNDROME,Urinary Retention,ok,ninguna,,,,,
SYNDROME,Urinary Tract Infection,revisar,ninguna,,,,,
SYNDROME,Uroepithelial Cancer,revisar,ninguna,,,,,
SYNDROME,Urolithiasis,ok,ninguna,,,,,
SYNDROME,Uveal Tract Inflammation-Uveitis,ok,ninguna,,,,,
SYNDROME,Valvular Heart Disease,ok,ninguna,,,,,
SYNDROME,Varicose Veins,ok,ninguna,,,,,
SYNDROME,Vascular Disease,ok,ninguna,,,,,
SYNDROME,Vasculitis,ok,ninguna,,,,,
SYNDROME,Venous Stasis,ok,ninguna,,,,,
SYNDROME,Ventricular Fibrillation (VF),ok,ninguna,,,,,
SYNDROME,Ventricular Tachycardia (VT),ok,ninguna,,,,,
SYNDROME,Visceral Enlargement,ok,ninguna,,,,,
SYNDROME,Vitamin D Deficiency,ok,ninguna,,,,,
SYNDROME,Warfarin Skin Necrosis-Protein C,ok,ninguna,,,,,
